{
	"SchemaVersion":1,
	"TemplateType":3,
	"CardTemplateId":"com.gls.signature.test.3",
	"BaseCardTemplateId":"com.gls.signature.test",
	"BaseCardTemplateVersion":3,"CardTemplateMinorVersion":1,
	"Name":"2.3 Signature",
	"Icon":"icon.png",
	"Description":"Custom action to collect signature",
	"ActionClassifications":"default",
	"CardDataFile":"AppModel.json_processed",
	"VisibleInDrawer":true,
	"IsLocalised":0,
	"IsPinned":0,
	"IsInFocus":0,
	"ForTesting":0,
	"IsSearchable":0,
	"ActionScope":"Group",
	"ConversationSelectionType":"UserSelected",
	"ActionForwardPolicy":0,
	"Views":
	[
		{
			"CreationView":
				{
					"ShowNativeToolbar":1,
					"ViewType":"Html",
					"BackDialogVisibility":1,
					"BackDialogTitle":"Back to chat",
					"BackDialogDescription":"Do you want to cancel and go back to chat?",
					"View":"CreationView.html",
					"iosView":"CreationView.html"
				}
		},
		{
			"ResponseResultsView":
				{
					"Visible":1,
					"View":"summaryView.html",
					"iosView":"summaryView.html",
					"ShowNativeToolbar":1,
					"BackDialogVisibility":1,
					"BackDialogTitle":"Back to chat",
					"BackDialogDescription":"Do you want to cancel and go back to chat?",
					"ViewType":"Html",
					"ShowCloseCardSection":1,
					"ShowSendReminderSection":0,
					"ShowQuestionHeader":1,
					"LabelPageHeader":"Response",
					"LabelCloseInfo":"Action closes on {0}",
					"LabelActionExpired":"Action is closed",
					"LabelNotResponded":"You have not responded",
					"LabelRespondNow":"Respond now",
					"LabelAddResponse":"Add a new response",
					"LabelQuestions":"ACTION QUESTIONS",
					"LabelCloseAction":"Close Action",
					"LabelShareActionResults":"Share Action results",
					"LabelDuplicateAction":"Duplicate this Action",
					"LabelDuplicateActionSubText":"Copy questions and create a new Action",
					"LabelCloseActionConfirmation":"Are you sure you want to close the action?"
				}
		}
	]
}